adaugare statie,05-05-2020 21:10:26
adaugare statie,05-05-2020 21:10:29
adaugare statie,05-05-2020 21:10:32
adaugare statie,05-05-2020 21:10:35
adaugare statie,05-05-2020 21:10:39
adaugare statie,05-05-2020 21:10:42
adaugare statie,05-05-2020 21:11:02
afisare statii,05-05-2020 21:11:08
adaugare ruta,05-05-2020 21:11:13
adaugare ruta,05-05-2020 21:11:28
adaugare ruta,05-05-2020 21:11:44
adaugare ruta,05-05-2020 21:12:04
afisare statii,05-05-2020 21:12:30
afisare statii,05-05-2020 21:13:45
afisare statii,05-05-2020 21:14:27
afisare statii,05-05-2020 21:16:39
Stergere ruta,05-05-2020 21:17:51
afisare statii,05-05-2020 21:18:02
afisare statii,05-05-2020 21:18:13
Stergere ruta,05-05-2020 21:18:19
afisare statii,05-05-2020 21:18:36
Rute in orasul X,05-05-2020 21:19:36
Orase ruta X,05-05-2020 21:19:52
Ruta 2 statii,05-05-2020 21:20:03
afisare statii,05-05-2020 23:23:38
Ruta 2 statii,05-05-2020 23:23:40
Ruta 2 statii,05-05-2020 23:23:56
Ruta 2 statii,05-05-2020 23:24:12
adaugare statie,05-05-2020 23:25:30
adaugare statie,05-05-2020 23:25:41
adaugare ruta,05-05-2020 23:25:53
afisare statii,05-05-2020 23:26:08
afisare statii,05-05-2020 23:26:30
afisare statii,05-05-2020 23:27:31
adaugare statie,05-05-2020 23:27:40
afisare statii,05-05-2020 23:27:51
afisare statii,05-05-2020 23:28:06
afisare statii,05-05-2020 23:28:50
adaugare statie,05-05-2020 23:29:21
afisare statii,05-05-2020 23:29:36
afisare statii,05-05-2020 23:29:57
adaugare statie,05-05-2020 23:30:24
adaugare statie,05-05-2020 23:30:30
adaugare ruta,05-05-2020 23:30:37
afisare statii,05-05-2020 23:30:52
afisare statii,05-05-2020 23:33:24
adaugare statie,05-05-2020 23:33:29
adaugare ruta,05-05-2020 23:33:43
afisare statii,05-05-2020 23:34:30
afisare statii,05-05-2020 23:35:10
Rute in orasul X,05-05-2020 23:35:15
Orase ruta X,05-05-2020 23:35:26
adaugare statie,05-05-2020 23:35:43
adaugare statie,05-05-2020 23:35:47
adaugare ruta,05-05-2020 23:35:53
afisare statii,05-05-2020 23:36:12
afisare statii,05-05-2020 23:36:28
afisare statii,05-05-2020 23:37:10
afisare statii,05-05-2020 23:40:02
adaugare statie,05-05-2020 23:40:08
afisare statii,05-05-2020 23:40:15
adaugare statie,05-05-2020 23:40:34
adaugare ruta,05-05-2020 23:40:44
afisare statii,05-05-2020 23:40:58
afisare statii,05-05-2020 23:41:14
afisare statii,05-05-2020 23:41:59
Rute in orasul X,05-05-2020 23:42:04
Orase ruta X,05-05-2020 23:42:15
Orase ruta X,05-05-2020 23:42:27
